chr8	13178938	1532.82	G	A	downstream_gene_variant	MODIFIER		969		Medtr8g036020	Medtr8g036020.1		
chr8	13178944	27494.4	C	G	downstream_gene_variant	MODIFIER		963		Medtr8g036020	Medtr8g036020.1		
chr8	13178948	47729	G	T	downstream_gene_variant	MODIFIER		959		Medtr8g036020	Medtr8g036020.1		
chr8	13178972	36.39	C	T	downstream_gene_variant	MODIFIER		935		Medtr8g036020	Medtr8g036020.1		
chr8	13178973	2023.01	G	A	downstream_gene_variant	MODIFIER		934		Medtr8g036020	Medtr8g036020.1		
chr8	13178984	110.03	T	G	downstream_gene_variant	MODIFIER		923		Medtr8g036020	Medtr8g036020.1		
chr8	13178993	10771.5	C	T	downstream_gene_variant	MODIFIER		914		Medtr8g036020	Medtr8g036020.1		
chr8	13179000	225.91	T	C	downstream_gene_variant	MODIFIER		907		Medtr8g036020	Medtr8g036020.1		
chr8	13179005	1652.39	A	G	downstream_gene_variant	MODIFIER		902		Medtr8g036020	Medtr8g036020.1		
chr8	13179007	79.96	A	G	downstream_gene_variant	MODIFIER		900		Medtr8g036020	Medtr8g036020.1		
chr8	13179009	135.14	T	G	downstream_gene_variant	MODIFIER		898		Medtr8g036020	Medtr8g036020.1		
chr8	13179025	7684.21	T	C	downstream_gene_variant	MODIFIER		882		Medtr8g036020	Medtr8g036020.1		
chr8	13179032	2012.59	G	A	downstream_gene_variant	MODIFIER		875		Medtr8g036020	Medtr8g036020.1		
chr8	13179051	343.23	A	C	downstream_gene_variant	MODIFIER		856		Medtr8g036020	Medtr8g036020.1		
chr8	13179055	84.17	A	G	downstream_gene_variant	MODIFIER		852		Medtr8g036020	Medtr8g036020.1		
chr8	13179077	98.83	C	T	downstream_gene_variant	MODIFIER		830		Medtr8g036020	Medtr8g036020.1		
chr8	13179084	18470.5	C	A	downstream_gene_variant	MODIFIER		823		Medtr8g036020	Medtr8g036020.1		
chr8	13179086	42.98	T	G	downstream_gene_variant	MODIFIER		821		Medtr8g036020	Medtr8g036020.1		
chr8	13179090	1612.05	A	T	downstream_gene_variant	MODIFIER		817		Medtr8g036020	Medtr8g036020.1		
chr8	13179092	773.27	T	G	downstream_gene_variant	MODIFIER		815		Medtr8g036020	Medtr8g036020.1		
chr8	13179093	42.52	A	C	downstream_gene_variant	MODIFIER		814		Medtr8g036020	Medtr8g036020.1		
chr8	13179096	1872.26	C	A	downstream_gene_variant	MODIFIER		811		Medtr8g036020	Medtr8g036020.1		
chr8	13179097	105.41	T	C	downstream_gene_variant	MODIFIER		810		Medtr8g036020	Medtr8g036020.1		
chr8	13179140	7333.06	A	T	downstream_gene_variant	MODIFIER		767		Medtr8g036020	Medtr8g036020.1		
chr8	13179143	410.05	T	C	downstream_gene_variant	MODIFIER		764		Medtr8g036020	Medtr8g036020.1		
chr8	13179154	196.32	A	T	downstream_gene_variant	MODIFIER		753		Medtr8g036020	Medtr8g036020.1		
chr8	13179165	117.83	T	C	downstream_gene_variant	MODIFIER		742		Medtr8g036020	Medtr8g036020.1		
chr8	13179192	637.57	G	A	downstream_gene_variant	MODIFIER		715		Medtr8g036020	Medtr8g036020.1		
chr8	13179219	1443.82	G	T	downstream_gene_variant	MODIFIER		688		Medtr8g036020	Medtr8g036020.1		
chr8	13179231	59.66	C	T	downstream_gene_variant	MODIFIER		676		Medtr8g036020	Medtr8g036020.1		
chr8	13179232	68.67	T	A	downstream_gene_variant	MODIFIER		675		Medtr8g036020	Medtr8g036020.1		
chr8	13179235	8284.02	T	A	downstream_gene_variant	MODIFIER		672		Medtr8g036020	Medtr8g036020.1		
chr8	13179268	1615.26	A	G	downstream_gene_variant	MODIFIER		639		Medtr8g036020	Medtr8g036020.1		
chr8	13179276	98.02	G	T	downstream_gene_variant	MODIFIER		631		Medtr8g036020	Medtr8g036020.1		
chr8	13179295	436.8	C	G	downstream_gene_variant	MODIFIER		612		Medtr8g036020	Medtr8g036020.1		
chr8	13179327	69.91	A	C	downstream_gene_variant	MODIFIER		580		Medtr8g036020	Medtr8g036020.1		
chr8	13179331	68.84	C	A	downstream_gene_variant	MODIFIER		576		Medtr8g036020	Medtr8g036020.1		
chr8	13179334	17944.5	C	T	downstream_gene_variant	MODIFIER		573		Medtr8g036020	Medtr8g036020.1		
chr8	13179349	1221.64	C	G	downstream_gene_variant	MODIFIER		558		Medtr8g036020	Medtr8g036020.1		
chr8	13179362	32161.4	T	C	downstream_gene_variant	MODIFIER		545		Medtr8g036020	Medtr8g036020.1		
chr8	13179393	61.15	A	G	downstream_gene_variant	MODIFIER		514		Medtr8g036020	Medtr8g036020.1		
chr8	13179425	644.16	T	C	downstream_gene_variant	MODIFIER		482		Medtr8g036020	Medtr8g036020.1		
chr8	13179426	4652.32	G	C	downstream_gene_variant	MODIFIER		481		Medtr8g036020	Medtr8g036020.1		
chr8	13179428	1111.86	G	A	downstream_gene_variant	MODIFIER		479		Medtr8g036020	Medtr8g036020.1		
chr8	13179450	95.32	G	A	downstream_gene_variant	MODIFIER		457		Medtr8g036020	Medtr8g036020.1		
chr8	13179451	52.2	G	T	downstream_gene_variant	MODIFIER		456		Medtr8g036020	Medtr8g036020.1		
chr8	13179453	99.15	G	A	downstream_gene_variant	MODIFIER		454		Medtr8g036020	Medtr8g036020.1		
chr8	13179470	231.01	A	C	downstream_gene_variant	MODIFIER		437		Medtr8g036020	Medtr8g036020.1		
chr8	13179480	1545.51	G	A	downstream_gene_variant	MODIFIER		427		Medtr8g036020	Medtr8g036020.1		
chr8	13179485	74.54	A	G	downstream_gene_variant	MODIFIER		422		Medtr8g036020	Medtr8g036020.1		
chr8	13179503	1304.09	C	A	downstream_gene_variant	MODIFIER		404		Medtr8g036020	Medtr8g036020.1		
chr8	13179554	91.73	C	T	downstream_gene_variant	MODIFIER		353		Medtr8g036020	Medtr8g036020.1		
chr8	13179555	101.74	G	A	downstream_gene_variant	MODIFIER		352		Medtr8g036020	Medtr8g036020.1		
chr8	13179567	115.29	G	T	downstream_gene_variant	MODIFIER		340		Medtr8g036020	Medtr8g036020.1		
chr8	13179573	306.63	A	C	downstream_gene_variant	MODIFIER		334		Medtr8g036020	Medtr8g036020.1		
chr8	13179587	1075.73	C	G	downstream_gene_variant	MODIFIER		320		Medtr8g036020	Medtr8g036020.1		
chr8	13179588	67.19	C	T	downstream_gene_variant	MODIFIER		319		Medtr8g036020	Medtr8g036020.1		
chr8	13179589	160	C	T	downstream_gene_variant	MODIFIER		318		Medtr8g036020	Medtr8g036020.1		
chr8	13179607	8805.61	T	A	downstream_gene_variant	MODIFIER		300		Medtr8g036020	Medtr8g036020.1		
chr8	13179618	325.49	A	T	downstream_gene_variant	MODIFIER		289		Medtr8g036020	Medtr8g036020.1		
chr8	13179635	155.49	T	C	downstream_gene_variant	MODIFIER		272		Medtr8g036020	Medtr8g036020.1		
chr8	13179638	10105.4	A	T	downstream_gene_variant	MODIFIER		269		Medtr8g036020	Medtr8g036020.1		
chr8	13179646	3187.38	G	C	downstream_gene_variant	MODIFIER		261		Medtr8g036020	Medtr8g036020.1		
chr8	13179668	1358.14	T	A	downstream_gene_variant	MODIFIER		239		Medtr8g036020	Medtr8g036020.1		
chr8	13179691	193.47	T	C	downstream_gene_variant	MODIFIER		216		Medtr8g036020	Medtr8g036020.1		
chr8	13179707	796.97	T	C	downstream_gene_variant	MODIFIER		200		Medtr8g036020	Medtr8g036020.1		
chr8	13179708	50.19	A	T	downstream_gene_variant	MODIFIER		199		Medtr8g036020	Medtr8g036020.1		
chr8	13179709	72.23	G	A	downstream_gene_variant	MODIFIER		198		Medtr8g036020	Medtr8g036020.1		
chr8	13179710	44.76	C	T	downstream_gene_variant	MODIFIER		197		Medtr8g036020	Medtr8g036020.1		
chr8	13179711	33.72	G	A	downstream_gene_variant	MODIFIER		196		Medtr8g036020	Medtr8g036020.1		
chr8	13179731	35117.5	C	T	downstream_gene_variant	MODIFIER		176		Medtr8g036020	Medtr8g036020.1		
chr8	13179741	345.7	A	T	downstream_gene_variant	MODIFIER		166		Medtr8g036020	Medtr8g036020.1		
chr8	13179744	1332.02	A	G	downstream_gene_variant	MODIFIER		163		Medtr8g036020	Medtr8g036020.1		
chr8	13179748	31.75	A	G	downstream_gene_variant	MODIFIER		159		Medtr8g036020	Medtr8g036020.1		
chr8	13179750	32.87	T	C	downstream_gene_variant	MODIFIER		157		Medtr8g036020	Medtr8g036020.1		
chr8	13179766	410.41	C	T	downstream_gene_variant	MODIFIER		141		Medtr8g036020	Medtr8g036020.1		
chr8	13179770	18517.2	T	C	downstream_gene_variant	MODIFIER		137		Medtr8g036020	Medtr8g036020.1		
chr8	13179777	1919.83	C	T	downstream_gene_variant	MODIFIER		130		Medtr8g036020	Medtr8g036020.1		
chr8	13179778	123.7	A	G	downstream_gene_variant	MODIFIER		129		Medtr8g036020	Medtr8g036020.1		
chr8	13179781	134.48	A	C	downstream_gene_variant	MODIFIER		126		Medtr8g036020	Medtr8g036020.1		
chr8	13179787	38.52	T	C	downstream_gene_variant	MODIFIER		120		Medtr8g036020	Medtr8g036020.1		
chr8	13179788	141.77	A	G	downstream_gene_variant	MODIFIER		119		Medtr8g036020	Medtr8g036020.1		
chr8	13179790	90.78	T	C	downstream_gene_variant	MODIFIER		117		Medtr8g036020	Medtr8g036020.1		
chr8	13179794	35501	C	T	downstream_gene_variant	MODIFIER		113		Medtr8g036020	Medtr8g036020.1		
chr8	13179802	35307.9	C	G	downstream_gene_variant	MODIFIER		105		Medtr8g036020	Medtr8g036020.1		
chr8	13179820	226.29	T	C	downstream_gene_variant	MODIFIER		87		Medtr8g036020	Medtr8g036020.1		
chr8	13179827	1848.91	G	A	downstream_gene_variant	MODIFIER		80		Medtr8g036020	Medtr8g036020.1		
chr8	13179832	251.39	T	C	downstream_gene_variant	MODIFIER		75		Medtr8g036020	Medtr8g036020.1		
chr8	13179835	2060.01	T	A	downstream_gene_variant	MODIFIER		72		Medtr8g036020	Medtr8g036020.1		
chr8	13179839	1801.71	C	T	downstream_gene_variant	MODIFIER		68		Medtr8g036020	Medtr8g036020.1		
chr8	13179840	1498.2	G	A	downstream_gene_variant	MODIFIER		67		Medtr8g036020	Medtr8g036020.1		
chr8	13179845	1414.9	G	A	downstream_gene_variant	MODIFIER		62		Medtr8g036020	Medtr8g036020.1		
chr8	13179858	124.06	G	T	downstream_gene_variant	MODIFIER		49		Medtr8g036020	Medtr8g036020.1		
chr8	13179864	62.06	C	T	downstream_gene_variant	MODIFIER		43		Medtr8g036020	Medtr8g036020.1		
chr8	13179871	38181.6	G	A	downstream_gene_variant	MODIFIER		36		Medtr8g036020	Medtr8g036020.1		
chr8	13179907	35.34	T	C	stop_retained_variant	LOW	SILENT	taA/taG	*329	Medtr8g036020	Medtr8g036020.1	2	
chr8	13179914	1169.14	C	T	missense_variant	MODERATE	MISSENSE	cGa/cAa	R327Q	Medtr8g036020	Medtr8g036020.1	2	
chr8	13179922	42.68	T	A	synonymous_variant	LOW	SILENT	atA/atT	I324	Medtr8g036020	Medtr8g036020.1	2	
chr8	13179937	44.29	A	G	synonymous_variant	LOW	SILENT	gaT/gaC	D319	Medtr8g036020	Medtr8g036020.1	2	
chr8	13179942	40.02	C	T	missense_variant	MODERATE	MISSENSE	Gag/Aag	E318K	Medtr8g036020	Medtr8g036020.1	2	
chr8	13179949	39.35	T	A	missense_variant	MODERATE	MISSENSE	caA/caT	Q315H	Medtr8g036020	Medtr8g036020.1	2	
chr8	13179958	56.99	T	C	synonymous_variant	LOW	SILENT	aaA/aaG	K312	Medtr8g036020	Medtr8g036020.1	2	
chr8	13179961	45.69	T	C	synonymous_variant	LOW	SILENT	gaA/gaG	E311	Medtr8g036020	Medtr8g036020.1	2	
chr8	13179969	75.46	T	C	missense_variant	MODERATE	MISSENSE	Att/Gtt	I309V	Medtr8g036020	Medtr8g036020.1	2	
chr8	13179970	186.4	G	A	synonymous_variant	LOW	SILENT	ttC/ttT	F308	Medtr8g036020	Medtr8g036020.1	2	
chr8	13180014	40058.2	T	C	missense_variant	MODERATE	MISSENSE	Ata/Gta	I294V	Medtr8g036020	Medtr8g036020.1	2	
chr8	13180030	86.72	C	A	synonymous_variant	LOW	SILENT	ctG/ctT	L288	Medtr8g036020	Medtr8g036020.1	2	
chr8	13180045	981.83	C	A	synonymous_variant	LOW	SILENT	ctG/ctT	L283	Medtr8g036020	Medtr8g036020.1	2	
chr8	13180051	1056.78	A	G	synonymous_variant	LOW	SILENT	ttT/ttC	F281	Medtr8g036020	Medtr8g036020.1	2	
chr8	13180066	32.12	A	G	synonymous_variant	LOW	SILENT	gtT/gtC	V276	Medtr8g036020	Medtr8g036020.1	2	
chr8	13180072	54.86	A	C	synonymous_variant	LOW	SILENT	ctT/ctG	L274	Medtr8g036020	Medtr8g036020.1	2	
chr8	13180096	162.43	A	C	synonymous_variant	LOW	SILENT	gcT/gcG	A266	Medtr8g036020	Medtr8g036020.1	2	
chr8	13180102	39.26	T	C	synonymous_variant	LOW	SILENT	ccA/ccG	P264	Medtr8g036020	Medtr8g036020.1	2	
chr8	13180105	255.74	G	A	synonymous_variant	LOW	SILENT	agC/agT	S263	Medtr8g036020	Medtr8g036020.1	2	
chr8	13180140	268.06	T	C	missense_variant	MODERATE	MISSENSE	Atg/Gtg	M252V	Medtr8g036020	Medtr8g036020.1	2	
chr8	13180148	111.61	G	A	missense_variant	MODERATE	MISSENSE	tCa/tTa	S249L	Medtr8g036020	Medtr8g036020.1	2	
chr8	13180169	2058.19	C	A	missense_variant	MODERATE	MISSENSE	gGt/gTt	G242V	Medtr8g036020	Medtr8g036020.1	2	
chr8	13180189	10191.7	C	T	synonymous_variant	LOW	SILENT	gtG/gtA	V235	Medtr8g036020	Medtr8g036020.1	2	
chr8	13180191	13233.7	C	T	missense_variant	MODERATE	MISSENSE	Gtg/Atg	V235M	Medtr8g036020	Medtr8g036020.1	2	
chr8	13180195	12252.7	A	G	synonymous_variant	LOW	SILENT	ggT/ggC	G233	Medtr8g036020	Medtr8g036020.1	2	
chr8	13180198	13142.8	T	A	synonymous_variant	LOW	SILENT	ccA/ccT	P232	Medtr8g036020	Medtr8g036020.1	2	
chr8	13180206	130.92	A	G	synonymous_variant	LOW	SILENT	Ttg/Ctg	L230	Medtr8g036020	Medtr8g036020.1	2	
chr8	13180225	1942.33	A	C	synonymous_variant	LOW	SILENT	gtT/gtG	V223	Medtr8g036020	Medtr8g036020.1	2	
chr8	13180232	417.59	A	G	missense_variant	MODERATE	MISSENSE	gTt/gCt	V221A	Medtr8g036020	Medtr8g036020.1	2	
chr8	13180240	3896.02	A	G	synonymous_variant	LOW	SILENT	tgT/tgC	C218	Medtr8g036020	Medtr8g036020.1	2	
chr8	13180250	151.34	C	T	missense_variant	MODERATE	MISSENSE	aGa/aAa	R215K	Medtr8g036020	Medtr8g036020.1	2	
chr8	13180256	44011.9	A	T	stop_gained	HIGH	NONSENSE	tTa/tAa	L213*	Medtr8g036020	Medtr8g036020.1	2	
chr8	13180285	1103.31	A	G	synonymous_variant	LOW	SILENT	gtT/gtC	V203	Medtr8g036020	Medtr8g036020.1	2	
chr8	13180308	89.49	T	A	missense_variant	MODERATE	MISSENSE	Atg/Ttg	M196L	Medtr8g036020	Medtr8g036020.1	2	
chr8	13180327	58.85	C	A	synonymous_variant	LOW	SILENT	gtG/gtT	V189	Medtr8g036020	Medtr8g036020.1	2	
chr8	13180339	3346.58	C	G	synonymous_variant	LOW	SILENT	gtG/gtC	V185	Medtr8g036020	Medtr8g036020.1	2	
chr8	13180341	2315.36	C	T	missense_variant	MODERATE	MISSENSE	Gtg/Atg	V185M	Medtr8g036020	Medtr8g036020.1	2	
chr8	13180345	117.13	A	G	synonymous_variant	LOW	SILENT	gtT/gtC	V183	Medtr8g036020	Medtr8g036020.1	2	
chr8	13180349	69.62	A	C	missense_variant	MODERATE	MISSENSE	tTt/tGt	F182C	Medtr8g036020	Medtr8g036020.1	2	
chr8	13180353	37.93	T	G	missense_variant	MODERATE	MISSENSE	Aat/Cat	N181H	Medtr8g036020	Medtr8g036020.1	2	
chr8	13180359	623.76	G	T	missense_variant	MODERATE	MISSENSE	Cat/Aat	H179N	Medtr8g036020	Medtr8g036020.1	2	
chr8	13180361	706.02	T	G	missense_variant	MODERATE	MISSENSE	aAa/aCa	K178T	Medtr8g036020	Medtr8g036020.1	2	
chr8	13180362	753.04	T	G	missense_variant	MODERATE	MISSENSE	Aaa/Caa	K178Q	Medtr8g036020	Medtr8g036020.1	2	
chr8	13180386	63.43	G	A	missense_variant	MODERATE	MISSENSE	Cct/Tct	P170S	Medtr8g036020	Medtr8g036020.1	2	
chr8	13180399	39.47	A	G	synonymous_variant	LOW	SILENT	ggT/ggC	G165	Medtr8g036020	Medtr8g036020.1	2	
chr8	13180410	31.95	A	T	missense_variant	MODERATE	MISSENSE	Tca/Aca	S162T	Medtr8g036020	Medtr8g036020.1	2	
chr8	13180411	31.38	A	G	synonymous_variant	LOW	SILENT	ccT/ccC	P161	Medtr8g036020	Medtr8g036020.1	2	
chr8	13180417	1441.33	A	G	synonymous_variant	LOW	SILENT	aaT/aaC	N159	Medtr8g036020	Medtr8g036020.1	2	
chr8	13180426	273.31	G	T	synonymous_variant	LOW	SILENT	atC/atA	I156	Medtr8g036020	Medtr8g036020.1	2	
chr8	13180429	108.67	G	A	synonymous_variant	LOW	SILENT	atC/atT	I155	Medtr8g036020	Medtr8g036020.1	2	
chr8	13180443	108.92	G	C	missense_variant	MODERATE	MISSENSE	Cct/Gct	P151A	Medtr8g036020	Medtr8g036020.1	2	
chr8	13180465	47.95	A	C	synonymous_variant	LOW	SILENT	gtT/gtG	V143	Medtr8g036020	Medtr8g036020.1	2	
chr8	13180466	65.05	A	G	missense_variant	MODERATE	MISSENSE	gTt/gCt	V143A	Medtr8g036020	Medtr8g036020.1	2	
chr8	13180467	873.17	C	T	missense_variant	MODERATE	MISSENSE	Gtt/Att	V143I	Medtr8g036020	Medtr8g036020.1	2	
chr8	13180468	58.57	C	T	synonymous_variant	LOW	SILENT	ttG/ttA	L142	Medtr8g036020	Medtr8g036020.1	2	
chr8	13180470	1497.85	A	G	synonymous_variant	LOW	SILENT	Ttg/Ctg	L142	Medtr8g036020	Medtr8g036020.1	2	
chr8	13180478	439.41	T	A	missense_variant	MODERATE	MISSENSE	aAt/aTt	N139I	Medtr8g036020	Medtr8g036020.1	2	
chr8	13180480	22163.8	T	C	synonymous_variant	LOW	SILENT	tcA/tcG	S138	Medtr8g036020	Medtr8g036020.1	2	
chr8	13180489	138.52	T	A	synonymous_variant	LOW	SILENT	ggA/ggT	G135	Medtr8g036020	Medtr8g036020.1	2	
chr8	13180495	63.01	G	A	synonymous_variant	LOW	SILENT	taC/taT	Y133	Medtr8g036020	Medtr8g036020.1	2	
chr8	13180516	99.32	A	T	synonymous_variant	LOW	SILENT	gcT/gcA	A126	Medtr8g036020	Medtr8g036020.1	2	
chr8	13180519	1848.52	A	G	synonymous_variant	LOW	SILENT	gaT/gaC	D125	Medtr8g036020	Medtr8g036020.1	2	
chr8	13180531	35.47	A	C	synonymous_variant	LOW	SILENT	gcT/gcG	A121	Medtr8g036020	Medtr8g036020.1	2	
chr8	13180533	1411.12	C	T	missense_variant	MODERATE	MISSENSE	Gct/Act	A121T	Medtr8g036020	Medtr8g036020.1	2	
chr8	13180534	21490.7	G	A	synonymous_variant	LOW	SILENT	ttC/ttT	F120	Medtr8g036020	Medtr8g036020.1	2	
chr8	13180537	1054.56	G	A	synonymous_variant	LOW	SILENT	ggC/ggT	G119	Medtr8g036020	Medtr8g036020.1	2	
chr8	13180541	848.9	C	T	missense_variant	MODERATE	MISSENSE	cGa/cAa	R118Q	Medtr8g036020	Medtr8g036020.1	2	
chr8	13180547	72.42	G	C	missense_variant	MODERATE	MISSENSE	aCt/aGt	T116S	Medtr8g036020	Medtr8g036020.1	2	
chr8	13180552	329.31	G	A	synonymous_variant	LOW	SILENT	aaC/aaT	N114	Medtr8g036020	Medtr8g036020.1	2	
chr8	13180558	481.01	C	T	synonymous_variant	LOW	SILENT	gcG/gcA	A112	Medtr8g036020	Medtr8g036020.1	2	
chr8	13180572	73.77	A	T	missense_variant	MODERATE	MISSENSE	Tgc/Agc	C108S	Medtr8g036020	Medtr8g036020.1	2	
chr8	13180588	49.52	A	G	synonymous_variant	LOW	SILENT	ggT/ggC	G102	Medtr8g036020	Medtr8g036020.1	2	
chr8	13180591	119.9	A	G	synonymous_variant	LOW	SILENT	atT/atC	I101	Medtr8g036020	Medtr8g036020.1	2	
chr8	13180598	38.82	T	C	missense_variant	MODERATE	MISSENSE	aAa/aGa	K99R	Medtr8g036020	Medtr8g036020.1	2	
chr8	13180608	952.89	C	T	missense_variant	MODERATE	MISSENSE	Gac/Aac	D96N	Medtr8g036020	Medtr8g036020.1	2	
chr8	13180609	181.61	G	A	synonymous_variant	LOW	SILENT	ggC/ggT	G95	Medtr8g036020	Medtr8g036020.1	2	
chr8	13180612	134.03	G	A	synonymous_variant	LOW	SILENT	ttC/ttT	F94	Medtr8g036020	Medtr8g036020.1	2	
chr8	13180633	107.23	A	G	synonymous_variant	LOW	SILENT	atT/atC	I87	Medtr8g036020	Medtr8g036020.1	2	
chr8	13180642	36.97	T	A	synonymous_variant	LOW	SILENT	atA/atT	I84	Medtr8g036020	Medtr8g036020.1	2	
chr8	13180666	163.83	T	C	synonymous_variant	LOW	SILENT	caA/caG	Q76	Medtr8g036020	Medtr8g036020.1	2	
chr8	13180669	292.72	G	C	synonymous_variant	LOW	SILENT	ggC/ggG	G75	Medtr8g036020	Medtr8g036020.1	2	
chr8	13180675	88785.6	C	A	synonymous_variant	LOW	SILENT	ggG/ggT	G73	Medtr8g036020	Medtr8g036020.1	2	
chr8	13180684	1233.4	A	G	synonymous_variant	LOW	SILENT	ggT/ggC	G70	Medtr8g036020	Medtr8g036020.1	2	
chr8	13180708	45.88	A	G	synonymous_variant	LOW	SILENT	ggT/ggC	G62	Medtr8g036020	Medtr8g036020.1	2	
chr8	13180720	110.85	C	T	synonymous_variant	LOW	SILENT	caG/caA	Q58	Medtr8g036020	Medtr8g036020.1	2	
chr8	13180725	36.34	T	C	missense_variant	MODERATE	MISSENSE	Ata/Gta	I57V	Medtr8g036020	Medtr8g036020.1	2	
chr8	13180726	62.47	G	C	missense_variant	MODERATE	MISSENSE	aaC/aaG	N56K	Medtr8g036020	Medtr8g036020.1	2	
chr8	13180737	98.03	T	C	missense_variant	MODERATE	MISSENSE	Aac/Gac	N53D	Medtr8g036020	Medtr8g036020.1	2	
chr8	13180741	1254.15	A	G	synonymous_variant	LOW	SILENT	taT/taC	Y51	Medtr8g036020	Medtr8g036020.1	2	
chr8	13180762	205.04	T	A	synonymous_variant	LOW	SILENT	ggA/ggT	G44	Medtr8g036020	Medtr8g036020.1	2	
chr8	13180773	58951.7	T	A	missense_variant	MODERATE	MISSENSE	Ata/Tta	I41L	Medtr8g036020	Medtr8g036020.1	2	
chr8	13180777	702.66	C	T	synonymous_variant	LOW	SILENT	ccG/ccA	P39	Medtr8g036020	Medtr8g036020.1	2	
chr8	13180780	1374.13	A	T	synonymous_variant	LOW	SILENT	acT/acA	T38	Medtr8g036020	Medtr8g036020.1	2	
chr8	13180789	64.04	G	A	synonymous_variant	LOW	SILENT	gcC/gcT	A35	Medtr8g036020	Medtr8g036020.1	2	
chr8	13180792	47.41	G	A	synonymous_variant	LOW	SILENT	acC/acT	T34	Medtr8g036020	Medtr8g036020.1	2	
chr8	13180802	946.3	T	C	missense_variant	MODERATE	MISSENSE	cAa/cGa	Q31R	Medtr8g036020	Medtr8g036020.1	2	
chr8	13180804	80.27	C	T	synonymous_variant	LOW	SILENT	ctG/ctA	L30	Medtr8g036020	Medtr8g036020.1	2	
chr8	13180808	39.64	C	T	missense_variant	MODERATE	MISSENSE	aGt/aAt	S29N	Medtr8g036020	Medtr8g036020.1	2	
chr8	13180810	70.35	T	C	synonymous_variant	LOW	SILENT	cgA/cgG	R28	Medtr8g036020	Medtr8g036020.1	2	
chr8	13180815	1453.27	C	T	missense_variant	MODERATE	MISSENSE	Gta/Ata	V27I	Medtr8g036020	Medtr8g036020.1	2	
chr8	13180816	14171.2	G	A	synonymous_variant	LOW	SILENT	gaC/gaT	D26	Medtr8g036020	Medtr8g036020.1	2	
chr8	13180824	72.08	C	T	missense_variant	MODERATE	MISSENSE	Gtt/Att	V24I	Medtr8g036020	Medtr8g036020.1	2	
chr8	13180826	49.46	G	A	missense_variant	MODERATE	MISSENSE	tCg/tTg	S23L	Medtr8g036020	Medtr8g036020.1	2	
chr8	13180831	66.25	C	G	missense_variant	MODERATE	MISSENSE	agG/agC	R21S	Medtr8g036020	Medtr8g036020.1	2	
chr8	13180831	66.25	C	G	splice_region_variant	LOW				Medtr8g036020	Medtr8g036020.1	2	
chr8	13180838	63.98	A	T	intron_variant	MODIFIER				Medtr8g036020	Medtr8g036020.1	1	
chr8	13180843	72.08	G	A	intron_variant	MODIFIER				Medtr8g036020	Medtr8g036020.1	1	
chr8	13180844	1539.57	T	A	intron_variant	MODIFIER				Medtr8g036020	Medtr8g036020.1	1	
chr8	13180871	1260.82	C	T	intron_variant	MODIFIER				Medtr8g036020	Medtr8g036020.1	1	
chr8	13180878	336.65	A	T	intron_variant	MODIFIER				Medtr8g036020	Medtr8g036020.1	1	
chr8	13180886	579.79	A	G	intron_variant	MODIFIER				Medtr8g036020	Medtr8g036020.1	1	
chr8	13180911	45.62	T	C	intron_variant	MODIFIER				Medtr8g036020	Medtr8g036020.1	1	
chr8	13180937	127.36	A	G	intron_variant	MODIFIER				Medtr8g036020	Medtr8g036020.1	1	
chr8	13180946	1847.01	A	G	intron_variant	MODIFIER				Medtr8g036020	Medtr8g036020.1	1	
chr8	13180951	1086.44	T	C	intron_variant	MODIFIER				Medtr8g036020	Medtr8g036020.1	1	
chr8	13180953	590.06	T	C	intron_variant	MODIFIER				Medtr8g036020	Medtr8g036020.1	1	
chr8	13180959	1891.03	T	C	intron_variant	MODIFIER				Medtr8g036020	Medtr8g036020.1	1	
chr8	13180970	166.07	A	T	intron_variant	MODIFIER				Medtr8g036020	Medtr8g036020.1	1	
chr8	13180971	168.53	C	A	intron_variant	MODIFIER				Medtr8g036020	Medtr8g036020.1	1	
chr8	13180973	55.31	A	G	intron_variant	MODIFIER				Medtr8g036020	Medtr8g036020.1	1	
chr8	13180977	930.12	C	T	intron_variant	MODIFIER				Medtr8g036020	Medtr8g036020.1	1	
chr8	13180980	983.7	C	T	intron_variant	MODIFIER				Medtr8g036020	Medtr8g036020.1	1	
chr8	13180986	120.25	G	A	intron_variant	MODIFIER				Medtr8g036020	Medtr8g036020.1	1	
chr8	13180994	107.75	A	G	intron_variant	MODIFIER				Medtr8g036020	Medtr8g036020.1	1	
chr8	13180996	472.27	A	G	intron_variant	MODIFIER				Medtr8g036020	Medtr8g036020.1	1	
chr8	13181010	101.37	A	T	intron_variant	MODIFIER				Medtr8g036020	Medtr8g036020.1	1	
chr8	13181011	227.24	G	T	intron_variant	MODIFIER				Medtr8g036020	Medtr8g036020.1	1	
chr8	13181014	52.12	T	A	intron_variant	MODIFIER				Medtr8g036020	Medtr8g036020.1	1	
chr8	13181022	138.86	A	T	intron_variant	MODIFIER				Medtr8g036020	Medtr8g036020.1	1	
chr8	13181030	363.23	A	G	intron_variant	MODIFIER				Medtr8g036020	Medtr8g036020.1	1	
chr8	13181034	41.12	C	T	intron_variant	MODIFIER				Medtr8g036020	Medtr8g036020.1	1	
chr8	13181041	6006.41	C	T	intron_variant	MODIFIER				Medtr8g036020	Medtr8g036020.1	1	
chr8	13181054	1394.56	C	T	intron_variant	MODIFIER				Medtr8g036020	Medtr8g036020.1	1	
chr8	13181056	44.98	A	T	intron_variant	MODIFIER				Medtr8g036020	Medtr8g036020.1	1	
chr8	13181067	151.15	G	A	intron_variant	MODIFIER				Medtr8g036020	Medtr8g036020.1	1	
chr8	13181081	294.82	C	T	intron_variant	MODIFIER				Medtr8g036020	Medtr8g036020.1	1	
chr8	13181085	1477.05	T	C	intron_variant	MODIFIER				Medtr8g036020	Medtr8g036020.1	1	
chr8	13181089	13668.5	C	G	intron_variant	MODIFIER				Medtr8g036020	Medtr8g036020.1	1	
chr8	13181090	663.73	G	A	intron_variant	MODIFIER				Medtr8g036020	Medtr8g036020.1	1	
chr8	13181102	969.48	T	C	intron_variant	MODIFIER				Medtr8g036020	Medtr8g036020.1	1	
chr8	13181106	20498.7	G	A	intron_variant	MODIFIER				Medtr8g036020	Medtr8g036020.1	1	
chr8	13181122	39.42	C	G	intron_variant	MODIFIER				Medtr8g036020	Medtr8g036020.1	1	
chr8	13181127	1106.52	C	G	intron_variant	MODIFIER				Medtr8g036020	Medtr8g036020.1	1	
chr8	13181129	177.32	A	G	intron_variant	MODIFIER				Medtr8g036020	Medtr8g036020.1	1	
chr8	13181134	1397.11	T	A	intron_variant	MODIFIER				Medtr8g036020	Medtr8g036020.1	1	
chr8	13181138	9980.96	C	T	intron_variant	MODIFIER				Medtr8g036020	Medtr8g036020.1	1	
chr8	13181144	706.76	T	C	intron_variant	MODIFIER				Medtr8g036020	Medtr8g036020.1	1	
chr8	13181155	242.71	C	T	intron_variant	MODIFIER				Medtr8g036020	Medtr8g036020.1	1	
chr8	13181189	9948.19	A	G	intron_variant	MODIFIER				Medtr8g036020	Medtr8g036020.1	1	
chr8	13181191	1443.87	C	A	intron_variant	MODIFIER				Medtr8g036020	Medtr8g036020.1	1	
chr8	13181213	1014.8	C	T	intron_variant	MODIFIER				Medtr8g036020	Medtr8g036020.1	1	
chr8	13181219	64.84	T	A	intron_variant	MODIFIER				Medtr8g036020	Medtr8g036020.1	1	
chr8	13181227	59.14	T	C	intron_variant	MODIFIER				Medtr8g036020	Medtr8g036020.1	1	
chr8	13181228	960.98	A	G	intron_variant	MODIFIER				Medtr8g036020	Medtr8g036020.1	1	
chr8	13181241	67.37	T	C	intron_variant	MODIFIER				Medtr8g036020	Medtr8g036020.1	1	
chr8	13181266	859.64	C	T	intron_variant	MODIFIER				Medtr8g036020	Medtr8g036020.1	1	
chr8	13181270	36.57	G	A	intron_variant	MODIFIER				Medtr8g036020	Medtr8g036020.1	1	
chr8	13181304	101.44	T	A	intron_variant	MODIFIER				Medtr8g036020	Medtr8g036020.1	1	
chr8	13181308	127.59	G	T	intron_variant	MODIFIER				Medtr8g036020	Medtr8g036020.1	1	
chr8	13181316	1317.69	C	G	intron_variant	MODIFIER				Medtr8g036020	Medtr8g036020.1	1	
chr8	13181323	781.66	C	T	intron_variant	MODIFIER				Medtr8g036020	Medtr8g036020.1	1	
chr8	13181357	576.03	A	G	intron_variant	MODIFIER				Medtr8g036020	Medtr8g036020.1	1	
chr8	13181371	11547.2	C	A	intron_variant	MODIFIER				Medtr8g036020	Medtr8g036020.1	1	
chr8	13181375	18433.7	T	C	intron_variant	MODIFIER				Medtr8g036020	Medtr8g036020.1	1	
chr8	13181384	81.09	A	C	intron_variant	MODIFIER				Medtr8g036020	Medtr8g036020.1	1	
chr8	13181399	3174.76	C	T	intron_variant	MODIFIER				Medtr8g036020	Medtr8g036020.1	1	
chr8	13181400	11731.4	G	A	intron_variant	MODIFIER				Medtr8g036020	Medtr8g036020.1	1	
chr8	13181402	13698.3	C	T	intron_variant	MODIFIER				Medtr8g036020	Medtr8g036020.1	1	
chr8	13181403	1351.23	G	T	intron_variant	MODIFIER				Medtr8g036020	Medtr8g036020.1	1	
chr8	13181406	149.07	G	A	intron_variant	MODIFIER				Medtr8g036020	Medtr8g036020.1	1	
chr8	13181414	249.2	A	T	intron_variant	MODIFIER				Medtr8g036020	Medtr8g036020.1	1	
chr8	13181417	60.72	A	G	intron_variant	MODIFIER				Medtr8g036020	Medtr8g036020.1	1	
chr8	13181420	4525.53	T	C	intron_variant	MODIFIER				Medtr8g036020	Medtr8g036020.1	1	
chr8	13181421	180.9	G	A	intron_variant	MODIFIER				Medtr8g036020	Medtr8g036020.1	1	
chr8	13181424	4507.49	T	C	intron_variant	MODIFIER				Medtr8g036020	Medtr8g036020.1	1	
chr8	13181436	1671.85	C	T	intron_variant	MODIFIER				Medtr8g036020	Medtr8g036020.1	1	
chr8	13181443	14822.5	A	T	intron_variant	MODIFIER				Medtr8g036020	Medtr8g036020.1	1	
chr8	13181456	434.59	A	G	intron_variant	MODIFIER				Medtr8g036020	Medtr8g036020.1	1	
chr8	13181457	464.03	A	T	intron_variant	MODIFIER				Medtr8g036020	Medtr8g036020.1	1	
chr8	13181458	691.13	A	C	intron_variant	MODIFIER				Medtr8g036020	Medtr8g036020.1	1	
chr8	13181461	30.44	C	T	intron_variant	MODIFIER				Medtr8g036020	Medtr8g036020.1	1	
chr8	13181463	58.75	T	A	intron_variant	MODIFIER				Medtr8g036020	Medtr8g036020.1	1	
chr8	13181481	3697.65	G	A	intron_variant	MODIFIER				Medtr8g036020	Medtr8g036020.1	1	
chr8	13181482	840.7	T	C	intron_variant	MODIFIER				Medtr8g036020	Medtr8g036020.1	1	
chr8	13181487	1062.45	T	C	intron_variant	MODIFIER				Medtr8g036020	Medtr8g036020.1	1	
chr8	13181503	4830.67	T	A	intron_variant	MODIFIER				Medtr8g036020	Medtr8g036020.1	1	
chr8	13181515	57.92	G	T	intron_variant	MODIFIER				Medtr8g036020	Medtr8g036020.1	1	
chr8	13181516	904.82	A	G	intron_variant	MODIFIER				Medtr8g036020	Medtr8g036020.1	1	
chr8	13181518	1467.87	T	C	intron_variant	MODIFIER				Medtr8g036020	Medtr8g036020.1	1	
chr8	13181537	223.06	A	G	intron_variant	MODIFIER				Medtr8g036020	Medtr8g036020.1	1	
chr8	13181567	189.37	G	A	intron_variant	MODIFIER				Medtr8g036020	Medtr8g036020.1	1	
chr8	13181575	1564.9	T	C	intron_variant	MODIFIER				Medtr8g036020	Medtr8g036020.1	1	
chr8	13181578	650.28	A	T	intron_variant	MODIFIER				Medtr8g036020	Medtr8g036020.1	1	
chr8	13181580	14536.7	C	T	intron_variant	MODIFIER				Medtr8g036020	Medtr8g036020.1	1	
chr8	13181582	147.04	G	A	intron_variant	MODIFIER				Medtr8g036020	Medtr8g036020.1	1	
chr8	13181589	1882.15	A	G	intron_variant	MODIFIER				Medtr8g036020	Medtr8g036020.1	1	
chr8	13181611	549.52	C	A	intron_variant	MODIFIER				Medtr8g036020	Medtr8g036020.1	1	
chr8	13181623	133.53	A	G	intron_variant	MODIFIER				Medtr8g036020	Medtr8g036020.1	1	
chr8	13181633	92.6	G	A	intron_variant	MODIFIER				Medtr8g036020	Medtr8g036020.1	1	
chr8	13181638	602.94	C	G	intron_variant	MODIFIER				Medtr8g036020	Medtr8g036020.1	1	
chr8	13181649	1175.16	C	T	intron_variant	MODIFIER				Medtr8g036020	Medtr8g036020.1	1	
chr8	13181652	527.62	T	C	intron_variant	MODIFIER				Medtr8g036020	Medtr8g036020.1	1	
chr8	13181655	1854.92	C	T	intron_variant	MODIFIER				Medtr8g036020	Medtr8g036020.1	1	
chr8	13181668	15806.7	T	C	intron_variant	MODIFIER				Medtr8g036020	Medtr8g036020.1	1	
chr8	13181677	99.92	C	T	intron_variant	MODIFIER				Medtr8g036020	Medtr8g036020.1	1	
chr8	13181679	411.88	G	C	intron_variant	MODIFIER				Medtr8g036020	Medtr8g036020.1	1	
chr8	13181691	546.98	C	G	intron_variant	MODIFIER				Medtr8g036020	Medtr8g036020.1	1	
chr8	13181711	2459.78	T	C	intron_variant	MODIFIER				Medtr8g036020	Medtr8g036020.1	1	
chr8	13181721	632.44	C	A	intron_variant	MODIFIER				Medtr8g036020	Medtr8g036020.1	1	
chr8	13181724	30.82	C	T	intron_variant	MODIFIER				Medtr8g036020	Medtr8g036020.1	1	
chr8	13181744	1321.75	T	G	intron_variant	MODIFIER				Medtr8g036020	Medtr8g036020.1	1	
chr8	13181766	2831.66	C	A	intron_variant	MODIFIER				Medtr8g036020	Medtr8g036020.1	1	
chr8	13181783	1001.62	C	G	intron_variant	MODIFIER				Medtr8g036020	Medtr8g036020.1	1	
chr8	13181796	1847.52	T	C	intron_variant	MODIFIER				Medtr8g036020	Medtr8g036020.1	1	
chr8	13181805	1760.06	T	A	intron_variant	MODIFIER				Medtr8g036020	Medtr8g036020.1	1	
chr8	13181830	2053.1	C	G	intron_variant	MODIFIER				Medtr8g036020	Medtr8g036020.1	1	
chr8	13181850	3350.15	T	C	intron_variant	MODIFIER				Medtr8g036020	Medtr8g036020.1	1	
chr8	13181872	2421.8	T	C	intron_variant	MODIFIER				Medtr8g036020	Medtr8g036020.1	1	
chr8	13181873	774.34	A	T	intron_variant	MODIFIER				Medtr8g036020	Medtr8g036020.1	1	
chr8	13181893	667.39	T	G	missense_variant	MODERATE	MISSENSE	aaA/aaC	K19N	Medtr8g036020	Medtr8g036020.1	1	
chr8	13181895	69.3	T	G	missense_variant	MODERATE	MISSENSE	Aaa/Caa	K19Q	Medtr8g036020	Medtr8g036020.1	1	
chr8	13181903	42.18	A	G	missense_variant	MODERATE	MISSENSE	tTa/tCa	L16S	Medtr8g036020	Medtr8g036020.1	1	
chr8	13181930	3120.53	C	G	missense_variant	MODERATE	MISSENSE	aGt/aCt	S7T	Medtr8g036020	Medtr8g036020.1	1	
chr8	13181966	60.69	G	A	upstream_gene_variant	MODIFIER		17		Medtr8g036020	Medtr8g036020.1		
chr8	13181970	48.88	A	C	upstream_gene_variant	MODIFIER		21		Medtr8g036020	Medtr8g036020.1		
chr8	13181977	71.76	A	G	upstream_gene_variant	MODIFIER		28		Medtr8g036020	Medtr8g036020.1		
chr8	13182015	111.56	T	G	upstream_gene_variant	MODIFIER		66		Medtr8g036020	Medtr8g036020.1		
chr8	13182021	27789.7	A	T	upstream_gene_variant	MODIFIER		72		Medtr8g036020	Medtr8g036020.1		
chr8	13182027	36.6	A	T	upstream_gene_variant	MODIFIER		78		Medtr8g036020	Medtr8g036020.1		
chr8	13182041	331.07	C	G	upstream_gene_variant	MODIFIER		92		Medtr8g036020	Medtr8g036020.1		
chr8	13182053	207.59	G	T	upstream_gene_variant	MODIFIER		104		Medtr8g036020	Medtr8g036020.1		
chr8	13182054	451.58	G	A	upstream_gene_variant	MODIFIER		105		Medtr8g036020	Medtr8g036020.1		
chr8	13182061	37.49	G	C	upstream_gene_variant	MODIFIER		112		Medtr8g036020	Medtr8g036020.1		
chr8	13182077	63.04	T	C	upstream_gene_variant	MODIFIER		128		Medtr8g036020	Medtr8g036020.1		
chr8	13182083	75.31	A	C	upstream_gene_variant	MODIFIER		134		Medtr8g036020	Medtr8g036020.1		
chr8	13182092	403.82	G	A	upstream_gene_variant	MODIFIER		143		Medtr8g036020	Medtr8g036020.1		
chr8	13182096	2458.29	A	G	upstream_gene_variant	MODIFIER		147		Medtr8g036020	Medtr8g036020.1		
chr8	13182111	35.37	C	T	upstream_gene_variant	MODIFIER		162		Medtr8g036020	Medtr8g036020.1		
chr8	13182121	38.62	G	A	upstream_gene_variant	MODIFIER		172		Medtr8g036020	Medtr8g036020.1		
chr8	13182155	25448.8	T	A	upstream_gene_variant	MODIFIER		206		Medtr8g036020	Medtr8g036020.1		
chr8	13182157	2064.82	G	A	upstream_gene_variant	MODIFIER		208		Medtr8g036020	Medtr8g036020.1		
chr8	13182158	574.61	A	T	upstream_gene_variant	MODIFIER		209		Medtr8g036020	Medtr8g036020.1		
chr8	13182159	7475.31	G	T	upstream_gene_variant	MODIFIER		210		Medtr8g036020	Medtr8g036020.1		
chr8	13182198	813.35	T	C	upstream_gene_variant	MODIFIER		249		Medtr8g036020	Medtr8g036020.1		
chr8	13182199	1868.2	T	C	upstream_gene_variant	MODIFIER		250		Medtr8g036020	Medtr8g036020.1		
chr8	13182234	1262.07	G	C	upstream_gene_variant	MODIFIER		285		Medtr8g036020	Medtr8g036020.1		
chr8	13182240	70.52	C	T	upstream_gene_variant	MODIFIER		291		Medtr8g036020	Medtr8g036020.1		
chr8	13182245	365.74	G	T	upstream_gene_variant	MODIFIER		296		Medtr8g036020	Medtr8g036020.1		
chr8	13182246	424.05	T	C	upstream_gene_variant	MODIFIER		297		Medtr8g036020	Medtr8g036020.1		
chr8	13182247	578.68	G	T	upstream_gene_variant	MODIFIER		298		Medtr8g036020	Medtr8g036020.1		
chr8	13182248	206.85	A	T	upstream_gene_variant	MODIFIER		299		Medtr8g036020	Medtr8g036020.1		
chr8	13182257	64.33	T	C	upstream_gene_variant	MODIFIER		308		Medtr8g036020	Medtr8g036020.1		
chr8	13182261	59.68	A	G	upstream_gene_variant	MODIFIER		312		Medtr8g036020	Medtr8g036020.1		
chr8	13182271	21419.6	A	G	upstream_gene_variant	MODIFIER		322		Medtr8g036020	Medtr8g036020.1		
chr8	13182272	189.82	G	A	upstream_gene_variant	MODIFIER		323		Medtr8g036020	Medtr8g036020.1		
chr8	13182279	535.64	G	A	upstream_gene_variant	MODIFIER		330		Medtr8g036020	Medtr8g036020.1		
chr8	13182282	66.78	T	C	upstream_gene_variant	MODIFIER		333		Medtr8g036020	Medtr8g036020.1		
chr8	13182295	1439.57	C	T	upstream_gene_variant	MODIFIER		346		Medtr8g036020	Medtr8g036020.1		
chr8	13182296	123.65	C	T	upstream_gene_variant	MODIFIER		347		Medtr8g036020	Medtr8g036020.1		
chr8	13182297	642.6	G	A	upstream_gene_variant	MODIFIER		348		Medtr8g036020	Medtr8g036020.1		
chr8	13182298	32.89	G	A	upstream_gene_variant	MODIFIER		349		Medtr8g036020	Medtr8g036020.1		
chr8	13182300	22652.8	T	C	upstream_gene_variant	MODIFIER		351		Medtr8g036020	Medtr8g036020.1		
chr8	13182304	121.3	T	C	upstream_gene_variant	MODIFIER		355		Medtr8g036020	Medtr8g036020.1		
chr8	13182305	112.9	T	A	upstream_gene_variant	MODIFIER		356		Medtr8g036020	Medtr8g036020.1		
chr8	13182310	87.2	T	A	upstream_gene_variant	MODIFIER		361		Medtr8g036020	Medtr8g036020.1		
chr8	13182315	1530.66	C	T	upstream_gene_variant	MODIFIER		366		Medtr8g036020	Medtr8g036020.1		
chr8	13182335	47.26	T	C	upstream_gene_variant	MODIFIER		386		Medtr8g036020	Medtr8g036020.1		
chr8	13182338	1220.83	C	T	upstream_gene_variant	MODIFIER		389		Medtr8g036020	Medtr8g036020.1		
chr8	13182339	616.19	C	T	upstream_gene_variant	MODIFIER		390		Medtr8g036020	Medtr8g036020.1		
chr8	13182352	147.06	C	T	upstream_gene_variant	MODIFIER		403		Medtr8g036020	Medtr8g036020.1		
chr8	13182373	308.25	C	A	upstream_gene_variant	MODIFIER		424		Medtr8g036020	Medtr8g036020.1		
chr8	13182378	93.86	C	T	upstream_gene_variant	MODIFIER		429		Medtr8g036020	Medtr8g036020.1		
chr8	13182387	280.07	C	G	upstream_gene_variant	MODIFIER		438		Medtr8g036020	Medtr8g036020.1		
chr8	13182388	817.63	A	G	upstream_gene_variant	MODIFIER		439		Medtr8g036020	Medtr8g036020.1		
chr8	13182389	39196.6	A	G	upstream_gene_variant	MODIFIER		440		Medtr8g036020	Medtr8g036020.1		
chr8	13182393	242.82	C	T	upstream_gene_variant	MODIFIER		444		Medtr8g036020	Medtr8g036020.1		
chr8	13182394	10926.9	C	T	upstream_gene_variant	MODIFIER		445		Medtr8g036020	Medtr8g036020.1		
chr8	13182399	70.04	T	C	upstream_gene_variant	MODIFIER		450		Medtr8g036020	Medtr8g036020.1		
chr8	13182401	1758.62	G	A	upstream_gene_variant	MODIFIER		452		Medtr8g036020	Medtr8g036020.1		
chr8	13182404	20531	T	C	upstream_gene_variant	MODIFIER		455		Medtr8g036020	Medtr8g036020.1		
chr8	13182406	336.4	G	A	upstream_gene_variant	MODIFIER		457		Medtr8g036020	Medtr8g036020.1		
chr8	13182409	1834.66	C	T	upstream_gene_variant	MODIFIER		460		Medtr8g036020	Medtr8g036020.1		
chr8	13182416	96.39	G	C	upstream_gene_variant	MODIFIER		467		Medtr8g036020	Medtr8g036020.1		
chr8	13182418	24256.8	C	T	upstream_gene_variant	MODIFIER		469		Medtr8g036020	Medtr8g036020.1		
chr8	13182420	341.35	A	T	upstream_gene_variant	MODIFIER		471		Medtr8g036020	Medtr8g036020.1		
chr8	13182423	577.96	G	A	upstream_gene_variant	MODIFIER		474		Medtr8g036020	Medtr8g036020.1		
chr8	13182425	1325.45	T	G	upstream_gene_variant	MODIFIER		476		Medtr8g036020	Medtr8g036020.1		
chr8	13182428	382.6	C	T	upstream_gene_variant	MODIFIER		479		Medtr8g036020	Medtr8g036020.1		
chr8	13182430	3707.48	G	A	upstream_gene_variant	MODIFIER		481		Medtr8g036020	Medtr8g036020.1		
chr8	13182431	1337.42	T	C	upstream_gene_variant	MODIFIER		482		Medtr8g036020	Medtr8g036020.1		
chr8	13182432	453.45	G	A	upstream_gene_variant	MODIFIER		483		Medtr8g036020	Medtr8g036020.1		
chr8	13182433	331.29	C	A	upstream_gene_variant	MODIFIER		484		Medtr8g036020	Medtr8g036020.1		
chr8	13182434	110.09	C	T	upstream_gene_variant	MODIFIER		485		Medtr8g036020	Medtr8g036020.1		
chr8	13182442	574.95	G	A	upstream_gene_variant	MODIFIER		493		Medtr8g036020	Medtr8g036020.1		
chr8	13182451	108.66	A	G	upstream_gene_variant	MODIFIER		502		Medtr8g036020	Medtr8g036020.1		
chr8	13182452	575.36	G	A	upstream_gene_variant	MODIFIER		503		Medtr8g036020	Medtr8g036020.1		
chr8	13182453	107.6	T	C	upstream_gene_variant	MODIFIER		504		Medtr8g036020	Medtr8g036020.1		
chr8	13182458	62.33	C	T	upstream_gene_variant	MODIFIER		509		Medtr8g036020	Medtr8g036020.1		
chr8	13182461	13480.5	T	C	upstream_gene_variant	MODIFIER		512		Medtr8g036020	Medtr8g036020.1		
chr8	13182466	1725.64	C	T	upstream_gene_variant	MODIFIER		517		Medtr8g036020	Medtr8g036020.1		
chr8	13182469	543.27	C	T	upstream_gene_variant	MODIFIER		520		Medtr8g036020	Medtr8g036020.1		
chr8	13182473	297.08	A	G	upstream_gene_variant	MODIFIER		524		Medtr8g036020	Medtr8g036020.1		
chr8	13182477	31	T	A	upstream_gene_variant	MODIFIER		528		Medtr8g036020	Medtr8g036020.1		
chr8	13182484	595.41	C	T	upstream_gene_variant	MODIFIER		535		Medtr8g036020	Medtr8g036020.1		
chr8	13182485	251.43	A	G	upstream_gene_variant	MODIFIER		536		Medtr8g036020	Medtr8g036020.1		
chr8	13182489	74.9	C	T	upstream_gene_variant	MODIFIER		540		Medtr8g036020	Medtr8g036020.1		
chr8	13182491	260.32	G	A	upstream_gene_variant	MODIFIER		542		Medtr8g036020	Medtr8g036020.1		
chr8	13182497	3316.23	T	A	upstream_gene_variant	MODIFIER		548		Medtr8g036020	Medtr8g036020.1		
chr8	13182514	439.49	C	T	upstream_gene_variant	MODIFIER		565		Medtr8g036020	Medtr8g036020.1		
chr8	13182545	491.71	T	C	upstream_gene_variant	MODIFIER		596		Medtr8g036020	Medtr8g036020.1		
chr8	13182546	21412.1	G	A	upstream_gene_variant	MODIFIER		597		Medtr8g036020	Medtr8g036020.1		
chr8	13182560	338.54	G	C	upstream_gene_variant	MODIFIER		611		Medtr8g036020	Medtr8g036020.1		
chr8	13182568	64.51	T	C	upstream_gene_variant	MODIFIER		619		Medtr8g036020	Medtr8g036020.1		
chr8	13182569	993.05	A	G	upstream_gene_variant	MODIFIER		620		Medtr8g036020	Medtr8g036020.1		
chr8	13182572	63.65	C	T	upstream_gene_variant	MODIFIER		623		Medtr8g036020	Medtr8g036020.1		
chr8	13182573	6967.1	G	A	upstream_gene_variant	MODIFIER		624		Medtr8g036020	Medtr8g036020.1		
chr8	13182578	5255.56	C	T	upstream_gene_variant	MODIFIER		629		Medtr8g036020	Medtr8g036020.1		
chr8	13182591	6256.78	T	C	upstream_gene_variant	MODIFIER		642		Medtr8g036020	Medtr8g036020.1		
chr8	13182594	1096.15	C	A	upstream_gene_variant	MODIFIER		645		Medtr8g036020	Medtr8g036020.1		
chr8	13182595	33851.4	G	A	upstream_gene_variant	MODIFIER		646		Medtr8g036020	Medtr8g036020.1		
chr8	13182603	1474.71	G	C	upstream_gene_variant	MODIFIER		654		Medtr8g036020	Medtr8g036020.1		
chr8	13182617	1696.16	C	T	upstream_gene_variant	MODIFIER		668		Medtr8g036020	Medtr8g036020.1		
chr8	13182618	124.68	T	C	upstream_gene_variant	MODIFIER		669		Medtr8g036020	Medtr8g036020.1		
chr8	13182623	38197.7	C	T	upstream_gene_variant	MODIFIER		674		Medtr8g036020	Medtr8g036020.1		
chr8	13182628	430.56	C	T	upstream_gene_variant	MODIFIER		679		Medtr8g036020	Medtr8g036020.1		
chr8	13182629	8357.56	G	T	upstream_gene_variant	MODIFIER		680		Medtr8g036020	Medtr8g036020.1		
chr8	13182636	61.53	A	T	upstream_gene_variant	MODIFIER		687		Medtr8g036020	Medtr8g036020.1		
chr8	13182638	6750.7	G	A	upstream_gene_variant	MODIFIER		689		Medtr8g036020	Medtr8g036020.1		
chr8	13182648	710.23	C	T	upstream_gene_variant	MODIFIER		699		Medtr8g036020	Medtr8g036020.1		
chr8	13182651	208.66	A	T	upstream_gene_variant	MODIFIER		702		Medtr8g036020	Medtr8g036020.1		
chr8	13182654	320.89	C	T	upstream_gene_variant	MODIFIER		705		Medtr8g036020	Medtr8g036020.1		
chr8	13182670	1108.09	C	T	upstream_gene_variant	MODIFIER		721		Medtr8g036020	Medtr8g036020.1		
chr8	13182682	1583.53	G	A	upstream_gene_variant	MODIFIER		733		Medtr8g036020	Medtr8g036020.1		
chr8	13182686	192.5	T	C	upstream_gene_variant	MODIFIER		737		Medtr8g036020	Medtr8g036020.1		
chr8	13182690	614.07	T	G	upstream_gene_variant	MODIFIER		741		Medtr8g036020	Medtr8g036020.1		
chr8	13182709	148.1	C	T	upstream_gene_variant	MODIFIER		760		Medtr8g036020	Medtr8g036020.1		
chr8	13182712	300.89	C	T	upstream_gene_variant	MODIFIER		763		Medtr8g036020	Medtr8g036020.1		
chr8	13182726	570.92	G	T	upstream_gene_variant	MODIFIER		777		Medtr8g036020	Medtr8g036020.1		
chr8	13182742	1476.06	G	A	upstream_gene_variant	MODIFIER		793		Medtr8g036020	Medtr8g036020.1		
chr8	13182754	2699.59	T	C	upstream_gene_variant	MODIFIER		805		Medtr8g036020	Medtr8g036020.1		
chr8	13182762	281.51	G	A	upstream_gene_variant	MODIFIER		813		Medtr8g036020	Medtr8g036020.1		
chr8	13182775	58.1	C	T	upstream_gene_variant	MODIFIER		826		Medtr8g036020	Medtr8g036020.1		
chr8	13182776	716.66	G	A	upstream_gene_variant	MODIFIER		827		Medtr8g036020	Medtr8g036020.1		
chr8	13182794	780.46	G	A	upstream_gene_variant	MODIFIER		845		Medtr8g036020	Medtr8g036020.1		
chr8	13182832	508.98	T	G	upstream_gene_variant	MODIFIER		883		Medtr8g036020	Medtr8g036020.1		
chr8	13182836	308.41	T	G	upstream_gene_variant	MODIFIER		887		Medtr8g036020	Medtr8g036020.1		
chr8	13182842	4449.46	C	T	upstream_gene_variant	MODIFIER		893		Medtr8g036020	Medtr8g036020.1		
chr8	13182860	4602.42	G	T	upstream_gene_variant	MODIFIER		911		Medtr8g036020	Medtr8g036020.1		
chr8	13182876	2396.44	C	T	upstream_gene_variant	MODIFIER		927		Medtr8g036020	Medtr8g036020.1		
chr8	13182893	1903.98	C	T	upstream_gene_variant	MODIFIER		944		Medtr8g036020	Medtr8g036020.1		
chr8	13182899	274.39	C	T	upstream_gene_variant	MODIFIER		950		Medtr8g036020	Medtr8g036020.1		
chr8	13182901	55323.5	G	A	upstream_gene_variant	MODIFIER		952		Medtr8g036020	Medtr8g036020.1		
chr8	13182917	87.73	T	A	upstream_gene_variant	MODIFIER		968		Medtr8g036020	Medtr8g036020.1		
chr8	13182920	815.51	C	T	upstream_gene_variant	MODIFIER		971		Medtr8g036020	Medtr8g036020.1		
chr8	13182935	567.64	C	T	upstream_gene_variant	MODIFIER		986		Medtr8g036020	Medtr8g036020.1		
chr8	13182948	31.6	A	C	upstream_gene_variant	MODIFIER		999		Medtr8g036020	Medtr8g036020.1		
